1,2,3,4,5,6
-114.000,-105.000,-128.000,-98.000,-116.000,-81.000
95.000,77.000,88.000,125.000,92.000,80.000
-316.000,-358.000,-719.000,-160.000,-572.000,-1410.000
174.000,344.000,328.000,322.000,325.000,574.000
-54.000,-72.000,-52.000,-47.000,-57.000,-42.000
68.000,81.000,48.000,49.000,46.000,39.000
-84.000,-79.000,-89.000,-63.000,-60.000,-54.000
73.000,90.000,70.000,86.000,50.000,65.000
-87.000,-86.000,-136.000,-121.000,-49.000,-47.000
89.000,71.000,118.000,78.000,66.000,41.000
-57.000,-76.000,-46.000,-72.000,-48.000,-69.000
70.000,92.000,52.000,81.000,50.000,80.000
-3676.000,-77.000,-3687.000,-57.000,-3687.000,-70.000
4255.000,58.000,4258.000,48.000,4258.000,63.000
-3692.000,-95.000,-3709.000,-79.000,-3698.000,-76.000
4074.000,74.000,4074.000,55.000,4084.000,80.000
-67.000,-68.000,-66.000,-64.000,-173.000,-407.000
73.000,85.000,84.000,94.000,208.000,570.000
-63.000,-57.000,-54.000,-44.000,-50.000,-64.000
70.000,53.000,51.000,46.000,56.000,62.000
-125.000,-40.000,-126.000,-73.000,-125.000,-57.000
141.000,50.000,116.000,69.000,134.000,55.000
-50.000,-76.000,-46.000,-41.000,-59.000,-66.000
50.000,82.000,56.000,56.000,50.000,62.000
-35.000,-48.000,-32.000,-37.000,-51.000,-70.000
50.000,34.000,40.000,28.000,44.000,60.000
-40.000,-39.000,-36.000,-38.000,-61.000,-64.000
42.000,34.000,29.000,34.000,47.000,52.000
-24.000,-48.000,-25.000,-42.000,-49.000,-61.000
30.000,40.000,30.000,35.000,44.000,58.000
-104.000,-39.000,-107.000,-46.000,-109.000,-57.000
74.000,42.000,86.000,58.000,96.000,45.000
-28.000,-37.000,-33.000,-36.000,-57.000,-58.000
24.000,31.000,32.000,30.000,49.000,51.000
-70.000,-65.000,-56.000,-46.000,-55.000,-65.000
63.000,45.000,58.000,43.000,76.000,67.000
-141.000,-95.000,-159.000,-96.000,-304.000,-275.000
113.000,67.000,207.000,73.000,290.000,542.000
-58.000,-70.000,-48.000,-100.000,-51.000,-88.000
48.000,49.000,49.000,84.000,47.000,65.000
-149.000,-53.000,-133.000,-56.000,-94.000,-92.000
109.000,62.000,126.000,61.000,164.000,71.000
-52.000,-46.000,-64.000,-79.000,-53.000,-54.000
53.000,76.000,56.000,58.000,49.000,57.000
-29.000,-41.000,-30.000,-37.000,-56.000,-60.000
30.000,25.000,28.000,27.000,51.000,65.000
-45.000,-60.000,-47.000,-70.000,-51.000,-91.000
50.000,120.000,56.000,128.000,53.000,109.000
-65.000,-127.000,-146.000,-127.000,-259.000,-124.000
81.000,74.000,134.000,81.000,193.000,114.000
-37.000,-49.000,-43.000,-47.000,-54.000,-76.000
29.000,31.000,36.000,33.000,40.000,68.000
-60.000,-47.000,-61.000,-91.000,-59.000,-52.000
39.000,55.000,39.000,100.000,45.000,31.000
-31.000,-40.000,-33.000,-43.000,-32.000,-32.000
30.000,36.000,30.000,34.000,30.000,29.000
-42.000,-53.000,-66.000,-63.000,-39.000,-43.000
52.000,73.000,66.000,82.000,39.000,45.000
-31.000,-46.000,-33.000,-55.000,-31.000,-38.000
45.000,87.000,64.000,84.000,48.000,34.000
-32.000,-43.000,-53.000,-56.000,-35.000,-35.000
35.000,56.000,40.000,60.000,39.000,54.000
-68.000,-59.000,-62.000,-52.000,-37.000,-36.000
50.000,70.000,64.000,80.000,41.000,41.000
-77.000,-68.000,-69.000,-92.000,-37.000,-47.000
92.000,83.000,71.000,76.000,48.000,52.000
-61.000,-79.000,-71.000,-92.000,-44.000,-47.000
52.000,77.000,63.000,77.000,46.000,38.000
-78.000,-79.000,-86.000,-84.000,-42.000,-47.000
66.000,123.000,60.000,103.000,54.000,59.000
-119.000,-98.000,-74.000,-77.000,-72.000,-62.000
165.000,143.000,107.000,83.000,70.000,70.000
-114.000,-74.000,-108.000,-128.000,-124.000,-278.000
117.000,70.000,115.000,107.000,175.000,363.000
-61.000,-61.000,-58.000,-59.000,-71.000,-73.000
54.000,44.000,51.000,79.000,63.000,72.000
-52.000,-42.000,-55.000,-41.000,-66.000,-86.000
35.000,41.000,49.000,42.000,59.000,66.000
-32.000,-43.000,-46.000,-41.000,-31.000,-32.000
48.000,43.000,41.000,41.000,40.000,37.000
-42.000,-59.000,-94.000,-70.000,-67.000,-90.000
37.000,81.000,133.000,60.000,68.000,50.000
-62.000,-59.000,-75.000,-84.000,-40.000,-44.000
62.000,95.000,66.000,79.000,54.000,39.000
-122.000,-146.000,-74.000,-71.000,-68.000,-57.000
115.000,202.000,91.000,97.000,67.000,52.000
-77.000,-88.000,-64.000,-70.000,-44.000,-49.000
56.000,62.000,60.000,59.000,46.000,46.000
-58.000,-77.000,-45.000,-62.000,-54.000,-47.000
51.000,70.000,41.000,69.000,49.000,79.000
-81.000,-75.000,-79.000,-85.000,-52.000,-54.000
59.000,77.000,61.000,58.000,59.000,46.000
-53.000,-91.000,-49.000,-73.000,-61.000,-56.000
55.000,85.000,52.000,83.000,51.000,48.000
-69.000,-106.000,-72.000,-105.000,-65.000,-57.000
63.000,143.000,63.000,109.000,50.000,53.000
-121.000,-165.000,-90.000,-101.000,-84.000,-62.000
94.000,98.000,81.000,76.000,81.000,57.000
-66.000,-106.000,-58.000,-78.000,-55.000,-59.000
67.000,84.000,63.000,69.000,52.000,63.000
-67.000,-141.000,-74.000,-98.000,-57.000,-68.000
76.000,98.000,66.000,82.000,62.000,56.000
-131.000,-102.000,-92.000,-79.000,-59.000,-65.000
110.000,131.000,88.000,94.000,58.000,55.000
-92.000,-117.000,-68.000,-91.000,-57.000,-69.000
85.000,127.000,71.000,78.000,64.000,52.000
-103.000,-135.000,-70.000,-95.000,-71.000,-66.000
72.000,110.000,58.000,71.000,52.000,63.000
-100.000,-187.000,-111.000,-185.000,-81.000,-113.000
83.000,136.000,98.000,113.000,100.000,87.000
-91.000,-106.000,-86.000,-121.000,-76.000,-90.000
91.000,122.000,67.000,108.000,66.000,63.000
-79.000,-113.000,-67.000,-103.000,-80.000,-84.000
82.000,108.000,62.000,95.000,100.000,84.000
-77.000,-151.000,-97.000,-114.000,-104.000,-80.000
93.000,111.000,85.000,91.000,79.000,61.000
-116.000,-99.000,-87.000,-110.000,-65.000,-62.000
108.000,118.000,92.000,102.000,77.000,70.000
-133.000,-124.000,-143.000,-126.000,-78.000,-77.000
129.000,144.000,158.000,118.000,126.000,87.000
-89.000,-108.000,-84.000,-80.000,-101.000,-87.000
103.000,93.000,84.000,98.000,64.000,69.000
-107.000,-117.000,-86.000,-92.000,-92.000,-73.000
104.000,165.000,83.000,129.000,71.000,73.000
-106.000,-151.000,-90.000,-97.000,-77.000,-72.000
118.000,120.000,97.000,93.000,63.000,68.000
-121.000,-150.000,-99.000,-124.000,-102.000,-120.000
94.000,166.000,92.000,113.000,105.000,97.000
-86.000,-131.000,-87.000,-98.000,-93.000,-99.000
94.000,117.000,82.000,89.000,106.000,85.000
-112.000,-102.000,-88.000,-90.000,-58.000,-66.000
102.000,102.000,74.000,80.000,58.000,71.000
-101.000,-214.000,-92.000,-145.000,-75.000,-88.000
122.000,137.000,105.000,99.000,67.000,84.000
-103.000,-88.000,-79.000,-87.000,-92.000,-63.000
86.000,98.000,75.000,88.000,82.000,73.000
-140.000,-165.000,-115.000,-122.000,-88.000,-94.000
108.000,141.000,91.000,124.000,85.000,107.000
-102.000,-109.000,-80.000,-96.000,-61.000,-72.000
128.000,132.000,91.000,108.000,81.000,71.000
-157.000,-153.000,-173.000,-118.000,-97.000,-142.000
119.000,137.000,135.000,113.000,96.000,199.000
-105.000,-109.000,-79.000,-102.000,-62.000,-75.000
143.000,106.000,112.000,87.000,68.000,45.000
-114.000,-126.000,-91.000,-84.000,-78.000,-86.000
114.000,156.000,74.000,86.000,79.000,75.000
-177.000,-201.000,-86.000,-134.000,-52.000,-62.000
118.000,139.000,75.000,101.000,48.000,44.000
-76.000,-70.000,-55.000,-55.000,-58.000,-50.000
60.000,87.000,46.000,65.000,65.000,49.000
-82.000,-87.000,-73.000,-80.000,-52.000,-75.000
106.000,90.000,71.000,89.000,91.000,69.000
-75.000,-84.000,-60.000,-71.000,-50.000,-66.000
91.000,111.000,61.000,91.000,54.000,55.000
-65.000,-70.000,-49.000,-62.000,-49.000,-52.000
63.000,69.000,58.000,66.000,51.000,56.000
-115.000,-107.000,-71.000,-103.000,-91.000,-83.000
112.000,118.000,92.000,83.000,101.000,91.000
-94.000,-102.000,-72.000,-83.000,-76.000,-59.000
77.000,103.000,68.000,86.000,66.000,55.000
-87.000,-96.000,-67.000,-102.000,-74.000,-72.000
114.000,115.000,89.000,97.000,82.000,97.000
-75.000,-117.000,-74.000,-89.000,-66.000,-76.000
99.000,123.000,73.000,103.000,70.000,85.000
-125.000,-154.000,-108.000,-113.000,-73.000,-71.000
104.000,152.000,87.000,105.000,95.000,72.000
-389.000,-109.000,-142.000,-95.000,-69.000,-168.000
226.000,120.000,127.000,125.000,92.000,201.000
-93.000,-161.000,-53.000,-78.000,-35.000,-42.000
86.000,120.000,67.000,63.000,40.000,51.000
-83.000,-70.000,-72.000,-60.000,-36.000,-41.000
87.000,84.000,64.000,72.000,53.000,45.000
-51.000,-70.000,-49.000,-56.000,-41.000,-52.000
67.000,70.000,65.000,51.000,42.000,38.000
-77.000,-99.000,-58.000,-86.000,-52.000,-48.000
85.000,82.000,53.000,58.000,43.000,42.000
-62.000,-69.000,-50.000,-60.000,-45.000,-56.000
65.000,80.000,60.000,58.000,51.000,46.000
-73.000,-90.000,-50.000,-96.000,-41.000,-45.000
86.000,138.000,67.000,88.000,50.000,43.000
-106.000,-151.000,-64.000,-90.000,-52.000,-44.000
125.000,160.000,74.000,93.000,56.000,60.000
-45.000,-55.000,-45.000,-51.000,-35.000,-41.000
49.000,47.000,55.000,42.000,54.000,39.000
-70.000,-97.000,-50.000,-68.000,-50.000,-51.000
91.000,75.000,75.000,74.000,49.000,48.000
-72.000,-89.000,-49.000,-78.000,-47.000,-61.000
61.000,79.000,46.000,68.000,43.000,55.000
-67.000,-72.000,-58.000,-72.000,-59.000,-57.000
54.000,50.000,48.000,40.000,41.000,46.000
-57.000,-95.000,-57.000,-74.000,-49.000,-51.000
78.000,83.000,66.000,59.000,58.000,46.000
-103.000,-177.000,-87.000,-112.000,-77.000,-69.000
93.000,92.000,71.000,75.000,78.000,78.000
-71.000,-112.000,-64.000,-62.000,-52.000,-64.000
89.000,88.000,63.000,63.000,63.000,63.000
-68.000,-108.000,-57.000,-96.000,-69.000,-48.000
78.000,95.000,62.000,85.000,53.000,76.000
-118.000,-108.000,-104.000,-80.000,-57.000,-65.000
86.000,134.000,70.000,116.000,53.000,75.000
-111.000,-148.000,-86.000,-93.000,-95.000,-89.000
124.000,111.000,93.000,84.000,74.000,92.000
-167.000,-280.000,-107.000,-190.000,-76.000,-94.000
180.000,166.000,140.000,83.000,95.000,79.000
-132.000,-138.000,-95.000,-93.000,-84.000,-245.000
126.000,113.000,143.000,108.000,76.000,272.000
-200.000,-125.000,-132.000,-122.000,-181.000,-440.000
113.000,182.000,210.000,155.000,288.000,393.000
-106.000,-134.000,-59.000,-111.000,-53.000,-65.000
95.000,109.000,71.000,64.000,59.000,54.000
-111.000,-108.000,-188.000,-114.000,-125.000,-365.000
89.000,82.000,135.000,110.000,106.000,404.000
-70.000,-71.000,-66.000,-54.000,-51.000,-45.000
60.000,85.000,65.000,62.000,42.000,36.000
-47.000,-63.000,-41.000,-59.000,-40.000,-48.000
55.000,75.000,48.000,47.000,50.000,33.000
-44.000,-55.000,-45.000,-45.000,-56.000,-43.000
59.000,58.000,43.000,48.000,37.000,40.000
-56.000,-56.000,-54.000,-53.000,-52.000,-46.000
56.000,101.000,48.000,90.000,66.000,54.000
-89.000,-64.000,-76.000,-61.000,-52.000,-55.000
82.000,81.000,67.000,67.000,70.000,51.000
-62.000,-105.000,-50.000,-80.000,-66.000,-50.000
56.000,106.000,60.000,77.000,74.000,60.000
-74.000,-95.000,-75.000,-63.000,-59.000,-62.000
75.000,86.000,60.000,57.000,56.000,51.000
-48.000,-64.000,-45.000,-57.000,-41.000,-46.000
56.000,73.000,45.000,62.000,41.000,44.000
-85.000,-106.000,-93.000,-91.000,-97.000,-75.000
123.000,145.000,92.000,120.000,79.000,54.000
-68.000,-94.000,-58.000,-74.000,-48.000,-64.000
76.000,95.000,75.000,64.000,63.000,57.000
-82.000,-88.000,-66.000,-71.000,-55.000,-66.000
89.000,101.000,70.000,80.000,57.000,60.000
-71.000,-124.000,-59.000,-69.000,-45.000,-51.000
87.000,94.000,61.000,61.000,58.000,49.000
-137.000,-116.000,-86.000,-71.000,-72.000,-58.000
107.000,133.000,88.000,96.000,75.000,74.000
-93.000,-102.000,-81.000,-94.000,-60.000,-100.000
141.000,120.000,94.000,83.000,66.000,83.000
-97.000,-131.000,-78.000,-159.000,-75.000,-109.000
102.000,147.000,74.000,125.000,80.000,88.000
-89.000,-192.000,-78.000,-110.000,-91.000,-87.000
96.000,134.000,86.000,96.000,88.000,73.000
-80.000,-96.000,-77.000,-102.000,-61.000,-86.000
113.000,117.000,88.000,85.000,71.000,59.000
-98.000,-130.000,-83.000,-107.000,-83.000,-87.000
84.000,115.000,64.000,105.000,71.000,73.000
-89.000,-131.000,-89.000,-90.000,-68.000,-62.000
86.000,85.000,74.000,94.000,58.000,79.000
-120.000,-133.000,-91.000,-90.000,-95.000,-80.000
107.000,120.000,90.000,102.000,68.000,82.000
-104.000,-101.000,-88.000,-76.000,-61.000,-67.000
102.000,89.000,75.000,85.000,68.000,65.000
-129.000,-120.000,-120.000,-89.000,-100.000,-98.000
105.000,110.000,99.000,87.000,113.000,112.000
-145.000,-143.000,-115.000,-127.000,-91.000,-544.000
192.000,178.000,139.000,130.000,156.000,383.000
-138.000,-126.000,-87.000,-82.000,-80.000,-64.000
175.000,142.000,104.000,104.000,71.000,88.000
-129.000,-103.000,-68.000,-63.000,-61.000,-57.000
134.000,111.000,83.000,70.000,58.000,69.000
-68.000,-99.000,-66.000,-70.000,-60.000,-49.000
84.000,118.000,64.000,80.000,65.000,49.000
-78.000,-120.000,-60.000,-57.000,-60.000,-36.000
86.000,119.000,48.000,55.000,41.000,42.000
-55.000,-85.000,-47.000,-67.000,-41.000,-35.000
65.000,70.000,56.000,53.000,55.000,36.000
-70.000,-75.000,-53.000,-74.000,-54.000,-70.000
69.000,63.000,58.000,52.000,57.000,64.000
-73.000,-77.000,-72.000,-62.000,-95.000,-102.000
65.000,95.000,55.000,69.000,117.000,75.000
-68.000,-77.000,-52.000,-79.000,-51.000,-56.000
73.000,76.000,69.000,56.000,65.000,68.000
-77.000,-90.000,-70.000,-88.000,-66.000,-67.000
82.000,87.000,53.000,73.000,47.000,58.000
-80.000,-87.000,-54.000,-94.000,-68.000,-65.000
130.000,118.000,90.000,124.000,73.000,61.000
-56.000,-136.000,-62.000,-94.000,-57.000,-48.000
71.000,90.000,62.000,62.000,56.000,52.000
-93.000,-112.000,-82.000,-93.000,-74.000,-91.000
86.000,126.000,88.000,124.000,73.000,72.000
-75.000,-107.000,-87.000,-103.000,-78.000,-82.000
84.000,94.000,64.000,83.000,76.000,64.000
-127.000,-119.000,-101.000,-97.000,-64.000,-85.000
110.000,162.000,82.000,119.000,85.000,109.000
-101.000,-141.000,-78.000,-97.000,-75.000,-56.000
101.000,131.000,90.000,97.000,67.000,77.000
-100.000,-100.000,-72.000,-74.000,-80.000,-88.000
104.000,91.000,78.000,72.000,72.000,61.000
-117.000,-140.000,-85.000,-118.000,-70.000,-79.000
88.000,109.000,69.000,93.000,65.000,74.000
-109.000,-143.000,-81.000,-120.000,-83.000,-104.000
97.000,137.000,87.000,149.000,106.000,118.000
-89.000,-117.000,-76.000,-110.000,-60.000,-100.000
85.000,113.000,72.000,97.000,69.000,82.000
-113.000,-88.000,-108.000,-78.000,-88.000,-83.000
132.000,86.000,109.000,80.000,79.000,82.000
-141.000,-142.000,-108.000,-112.000,-77.000,-82.000
114.000,128.000,89.000,92.000,98.000,77.000
-145.000,-185.000,-165.000,-152.000,-88.000,-128.000
165.000,164.000,156.000,171.000,97.000,210.000
-126.000,-132.000,-104.000,-105.000,-77.000,-82.000
124.000,173.000,87.000,117.000,70.000,88.000
-92.000,-142.000,-71.000,-110.000,-54.000,-61.000
94.000,137.000,80.000,108.000,65.000,89.000
-110.000,-98.000,-96.000,-103.000,-88.000,-74.000
92.000,113.000,81.000,115.000,87.000,90.000
-127.000,-141.000,-69.000,-107.000,-65.000,-79.000
120.000,124.000,80.000,103.000,85.000,82.000
-104.000,-127.000,-76.000,-85.000,-83.000,-96.000
117.000,120.000,86.000,110.000,79.000,78.000
-122.000,-193.000,-95.000,-118.000,-82.000,-68.000
106.000,145.000,89.000,93.000,75.000,74.000
-140.000,-151.000,-117.000,-119.000,-80.000,-96.000
92.000,109.000,83.000,84.000,83.000,77.000
-115.000,-117.000,-76.000,-91.000,-90.000,-99.000
107.000,119.000,96.000,93.000,94.000,86.000
-122.000,-128.000,-105.000,-90.000,-101.000,-66.000
106.000,142.000,110.000,82.000,84.000,75.000
-174.000,-173.000,-139.000,-120.000,-92.000,-94.000
152.000,109.000,113.000,101.000,79.000,88.000
-120.000,-145.000,-93.000,-111.000,-89.000,-69.000
93.000,125.000,95.000,102.000,82.000,71.000
-117.000,-205.000,-79.000,-137.000,-75.000,-88.000
112.000,147.000,81.000,87.000,84.000,82.000
-162.000,-231.000,-102.000,-146.000,-76.000,-83.000
124.000,172.000,91.000,104.000,72.000,70.000
-115.000,-171.000,-133.000,-154.000,-118.000,-105.000
118.000,148.000,108.000,114.000,82.000,94.000
-84.000,-118.000,-105.000,-107.000,-111.000,-217.000
90.000,110.000,115.000,130.000,93.000,242.000
-45.000,-50.000,-67.000,-65.000,-46.000,-37.000
70.000,85.000,79.000,58.000,44.000,34.000
-62.000,-89.000,-41.000,-58.000,-41.000,-49.000
63.000,120.000,48.000,72.000,44.000,44.000
-62.000,-70.000,-51.000,-56.000,-61.000,-58.000
72.000,94.000,55.000,63.000,55.000,46.000
-46.000,-67.000,-57.000,-61.000,-44.000,-41.000
72.000,121.000,109.000,100.000,38.000,54.000
-132.000,-99.000,-66.000,-97.000,-86.000,-207.000
94.000,101.000,130.000,92.000,88.000,215.000
-82.000,-72.000,-57.000,-73.000,-47.000,-63.000
66.000,58.000,59.000,69.000,77.000,108.000
-72.000,-93.000,-52.000,-68.000,-44.000,-49.000
69.000,83.000,54.000,56.000,59.000,48.000
-62.000,-72.000,-53.000,-86.000,-37.000,-47.000
85.000,90.000,56.000,43.000,45.000,36.000
-64.000,-70.000,-52.000,-74.000,-58.000,-58.000
53.000,71.000,53.000,57.000,50.000,39.000
-66.000,-89.000,-55.000,-62.000,-39.000,-44.000
54.000,63.000,46.000,54.000,44.000,41.000
-49.000,-71.000,-43.000,-60.000,-49.000,-55.000
63.000,114.000,47.000,81.000,44.000,36.000
-61.000,-77.000,-62.000,-62.000,-44.000,-51.000
69.000,64.000,97.000,78.000,56.000,49.000
-93.000,-99.000,-78.000,-65.000,-50.000,-46.000
92.000,93.000,72.000,70.000,51.000,51.000
-167.000,-204.000,-158.000,-277.000,-154.000,-544.000
136.000,135.000,180.000,253.000,144.000,688.000
-84.000,-69.000,-90.000,-71.000,-78.000,-175.000
98.000,94.000,127.000,104.000,67.000,169.000
-23.000,-34.000,-27.000,-31.000,-29.000,-30.000
22.000,26.000,24.000,23.000,40.000,29.000
-57.000,-84.000,-74.000,-93.000,-153.000,-286.000
93.000,109.000,147.000,105.000,134.000,401.000
-40.000,-57.000,-54.000,-45.000,-41.000,-57.000
53.000,40.000,55.000,43.000,42.000,46.000
-21.000,-46.000,-21.000,-39.000,-30.000,-57.000
25.000,22.000,26.000,26.000,39.000,45.000
-20.000,-44.000,-23.000,-42.000,-34.000,-42.000
25.000,32.000,27.000,30.000,37.000,39.000
-93.000,-57.000,-101.000,-82.000,-89.000,-360.000
98.000,53.000,104.000,64.000,108.000,403.000
-23.000,-36.000,-26.000,-39.000,-49.000,-39.000
25.000,24.000,27.000,34.000,44.000,37.000
-28.000,-45.000,-26.000,-41.000,-37.000,-32.000
43.000,38.000,36.000,24.000,35.000,33.000
-35.000,-42.000,-24.000,-39.000,-35.000,-33.000
50.000,70.000,36.000,32.000,32.000,41.000
-33.000,-46.000,-33.000,-41.000,-32.000,-33.000
27.000,40.000,28.000,35.000,38.000,29.000
-49.000,-61.000,-55.000,-55.000,-41.000,-45.000
83.000,72.000,67.000,46.000,41.000,38.000
-27.000,-65.000,-24.000,-45.000,-25.000,-24.000
25.000,44.000,29.000,27.000,32.000,24.000
-51.000,-54.000,-40.000,-38.000,-32.000,-31.000
55.000,71.000,40.000,46.000,55.000,31.000
-49.000,-69.000,-50.000,-61.000,-38.000,-38.000
43.000,54.000,37.000,45.000,40.000,35.000
-63.000,-70.000,-65.000,-69.000,-41.000,-34.000
65.000,55.000,63.000,72.000,37.000,31.000
-81.000,-119.000,-70.000,-71.000,-66.000,-49.000
64.000,68.000,50.000,54.000,47.000,33.000
-49.000,-63.000,-50.000,-64.000,-44.000,-40.000
55.000,51.000,58.000,53.000,42.000,38.000
-40.000,-37.000,-33.000,-36.000,-26.000,-28.000
34.000,36.000,29.000,31.000,34.000,28.000
-46.000,-59.000,-34.000,-54.000,-42.000,-35.000
49.000,60.000,46.000,47.000,39.000,37.000
-55.000,-63.000,-42.000,-55.000,-31.000,-30.000
70.000,94.000,73.000,89.000,41.000,53.000
-127.000,-103.000,-144.000,-94.000,-106.000,-170.000
103.000,74.000,127.000,132.000,94.000,212.000
-61.000,-110.000,-62.000,-109.000,-34.000,-119.000
65.000,75.000,68.000,93.000,36.000,93.000
-48.000,-73.000,-42.000,-55.000,-41.000,-33.000
39.000,77.000,37.000,51.000,41.000,37.000
-46.000,-77.000,-58.000,-57.000,-56.000,-45.000
81.000,111.000,52.000,72.000,44.000,42.000
-58.000,-81.000,-60.000,-56.000,-44.000,-41.000
66.000,73.000,52.000,54.000,39.000,47.000
-108.000,-63.000,-89.000,-62.000,-55.000,-42.000
90.000,70.000,66.000,52.000,49.000,42.000
-57.000,-61.000,-40.000,-52.000,-46.000,-69.000
59.000,76.000,50.000,49.000,40.000,33.000
-59.000,-69.000,-60.000,-68.000,-36.000,-33.000
49.000,64.000,46.000,57.000,39.000,34.000
-64.000,-74.000,-46.000,-63.000,-47.000,-32.000
62.000,65.000,38.000,45.000,37.000,36.000
-48.000,-51.000,-36.000,-58.000,-41.000,-32.000
67.000,51.000,55.000,46.000,35.000,40.000
-83.000,-79.000,-88.000,-94.000,-51.000,-41.000
91.000,77.000,120.000,124.000,64.000,41.000
-191.000,-101.000,-105.000,-109.000,-86.000,-179.000
105.000,76.000,127.000,77.000,95.000,185.000
-93.000,-117.000,-64.000,-66.000,-77.000,-66.000
121.000,118.000,61.000,82.000,78.000,86.000
-48.000,-75.000,-53.000,-61.000,-43.000,-57.000
50.000,56.000,43.000,51.000,47.000,37.000
-51.000,-65.000,-39.000,-52.000,-37.000,-42.000
61.000,59.000,44.000,51.000,47.000,29.000
-86.000,-116.000,-80.000,-68.000,-47.000,-48.000
72.000,93.000,48.000,73.000,48.000,36.000
-48.000,-58.000,-40.000,-59.000,-31.000,-40.000
51.000,52.000,45.000,41.000,43.000,34.000
-42.000,-59.000,-50.000,-69.000,-44.000,-49.000
46.000,57.000,42.000,55.000,41.000,32.000
-37.000,-67.000,-38.000,-54.000,-36.000,-36.000
37.000,47.000,36.000,46.000,48.000,35.000
-69.000,-63.000,-49.000,-60.000,-45.000,-59.000
69.000,84.000,52.000,70.000,56.000,53.000
-63.000,-68.000,-56.000,-54.000,-33.000,-39.000
45.000,66.000,50.000,55.000,49.000,44.000
-82.000,-80.000,-99.000,-102.000,-54.000,-42.000
98.000,78.000,125.000,102.000,62.000,49.000
-78.000,-102.000,-55.000,-74.000,-45.000,-44.000
68.000,72.000,55.000,63.000,52.000,52.000
-65.000,-85.000,-42.000,-58.000,-35.000,-44.000
76.000,97.000,50.000,62.000,44.000,32.000
-64.000,-88.000,-49.000,-79.000,-45.000,-47.000
75.000,105.000,66.000,68.000,45.000,45.000
-64.000,-57.000,-51.000,-68.000,-69.000,-71.000
58.000,59.000,49.000,63.000,49.000,34.000
-42.000,-75.000,-36.000,-55.000,-34.000,-38.000
48.000,57.000,47.000,51.000,46.000,37.000
-77.000,-98.000,-67.000,-87.000,-44.000,-46.000
71.000,93.000,61.000,85.000,55.000,77.000
-59.000,-93.000,-55.000,-64.000,-47.000,-52.000
85.000,86.000,88.000,75.000,74.000,53.000
-55.000,-84.000,-72.000,-71.000,-45.000,-42.000
67.000,54.000,99.000,73.000,70.000,40.000
-49.000,-68.000,-46.000,-49.000,-42.000,-55.000
59.000,60.000,57.000,48.000,36.000,55.000
-84.000,-77.000,-106.000,-86.000,-75.000,-98.000
88.000,80.000,112.000,101.000,73.000,191.000
-66.000,-80.000,-55.000,-63.000,-46.000,-44.000
55.000,82.000,42.000,56.000,51.000,42.000
-91.000,-102.000,-55.000,-55.000,-41.000,-40.000
93.000,98.000,57.000,61.000,40.000,49.000
-58.000,-71.000,-52.000,-49.000,-63.000,-59.000
50.000,51.000,50.000,58.000,45.000,32.000
-66.000,-83.000,-65.000,-62.000,-42.000,-39.000
62.000,86.000,55.000,66.000,42.000,44.000
-69.000,-101.000,-45.000,-72.000,-42.000,-50.000
62.000,100.000,60.000,63.000,41.000,45.000
-44.000,-53.000,-38.000,-56.000,-38.000,-44.000
38.000,69.000,46.000,53.000,49.000,37.000
-56.000,-49.000,-43.000,-49.000,-46.000,-57.000
50.000,61.000,47.000,57.000,43.000,37.000
-93.000,-103.000,-61.000,-84.000,-79.000,-92.000
79.000,101.000,65.000,95.000,48.000,46.000
-53.000,-57.000,-51.000,-62.000,-44.000,-67.000
73.000,66.000,66.000,83.000,50.000,50.000
-96.000,-78.000,-70.000,-70.000,-68.000,-51.000
133.000,135.000,107.000,85.000,68.000,55.000
-97.000,-98.000,-124.000,-114.000,-59.000,-52.000
99.000,87.000,159.000,146.000,81.000,45.000
-53.000,-88.000,-36.000,-50.000,-42.000,-37.000
57.000,71.000,48.000,52.000,50.000,41.000
-71.000,-88.000,-59.000,-70.000,-44.000,-56.000
58.000,66.000,46.000,65.000,44.000,44.000
-71.000,-72.000,-50.000,-53.000,-38.000,-44.000
77.000,83.000,61.000,65.000,42.000,31.000
-65.000,-68.000,-52.000,-48.000,-32.000,-40.000
74.000,55.000,68.000,54.000,41.000,34.000
-41.000,-68.000,-43.000,-62.000,-44.000,-66.000
50.000,68.000,48.000,69.000,43.000,40.000
-50.000,-57.000,-47.000,-62.000,-55.000,-56.000
48.000,54.000,37.000,54.000,44.000,42.000
-47.000,-65.000,-49.000,-61.000,-64.000,-49.000
51.000,85.000,45.000,65.000,44.000,39.000
-68.000,-78.000,-65.000,-52.000,-45.000,-40.000
65.000,52.000,50.000,57.000,44.000,35.000
-69.000,-64.000,-87.000,-85.000,-43.000,-40.000
82.000,67.000,136.000,96.000,47.000,32.000
-140.000,-62.000,-54.000,-61.000,-47.000,-71.000
140.000,56.000,64.000,59.000,64.000,67.000
-80.000,-86.000,-66.000,-58.000,-60.000,-55.000
110.000,110.000,78.000,62.000,57.000,61.000
-74.000,-78.000,-82.000,-77.000,-45.000,-36.000
73.000,76.000,95.000,80.000,49.000,53.000
-35.000,-46.000,-37.000,-47.000,-37.000,-38.000
42.000,49.000,43.000,46.000,44.000,31.000
-70.000,-69.000,-60.000,-63.000,-49.000,-44.000
76.000,77.000,67.000,53.000,60.000,43.000
-60.000,-66.000,-43.000,-49.000,-32.000,-34.000
51.000,85.000,48.000,63.000,43.000,49.000
-32.000,-64.000,-32.000,-51.000,-24.000,-30.000
45.000,54.000,43.000,43.000,40.000,27.000
-25.000,-44.000,-23.000,-42.000,-25.000,-32.000
33.000,28.000,37.000,24.000,39.000,22.000
-24.000,-48.000,-25.000,-44.000,-43.000,-49.000
30.000,31.000,32.000,31.000,37.000,39.000
-37.000,-49.000,-28.000,-46.000,-32.000,-53.000
29.000,28.000,28.000,24.000,41.000,49.000
-36.000,-48.000,-27.000,-42.000,-41.000,-58.000
49.000,31.000,36.000,24.000,46.000,49.000
-21.000,-44.000,-22.000,-38.000,-47.000,-61.000
29.000,25.000,32.000,24.000,51.000,57.000
-24.000,-37.000,-24.000,-37.000,-21.000,-34.000
31.000,38.000,32.000,27.000,41.000,33.000
-36.000,-65.000,-39.000,-47.000,-39.000,-35.000
47.000,62.000,48.000,47.000,33.000,33.000
-58.000,-68.000,-43.000,-67.000,-50.000,-44.000
66.000,66.000,39.000,44.000,45.000,41.000
-43.000,-58.000,-45.000,-57.000,-36.000,-40.000
42.000,46.000,44.000,45.000,43.000,40.000
-65.000,-72.000,-48.000,-70.000,-36.000,-43.000
50.000,68.000,48.000,47.000,41.000,33.000
-50.000,-69.000,-55.000,-46.000,-37.000,-32.000
51.000,68.000,48.000,54.000,44.000,34.000
-69.000,-59.000,-58.000,-51.000,-35.000,-39.000
52.000,54.000,41.000,51.000,47.000,36.000
-70.000,-75.000,-42.000,-59.000,-49.000,-43.000
42.000,53.000,40.000,44.000,52.000,30.000
-64.000,-64.000,-62.000,-101.000,-48.000,-88.000
59.000,59.000,49.000,59.000,45.000,40.000
-54.000,-61.000,-50.000,-51.000,-41.000,-46.000
62.000,86.000,61.000,77.000,54.000,37.000
-54.000,-73.000,-49.000,-51.000,-45.000,-31.000
42.000,49.000,43.000,42.000,38.000,31.000
-44.000,-58.000,-43.000,-54.000,-45.000,-38.000
41.000,46.000,40.000,44.000,41.000,36.000
-53.000,-61.000,-57.000,-69.000,-45.000,-43.000
59.000,58.000,89.000,66.000,39.000,30.000
-44.000,-76.000,-67.000,-58.000,-45.000,-58.000
47.000,60.000,41.000,58.000,38.000,50.000
-43.000,-64.000,-46.000,-60.000,-35.000,-35.000
51.000,52.000,37.000,47.000,36.000,32.000
-66.000,-86.000,-41.000,-55.000,-36.000,-48.000
85.000,85.000,60.000,50.000,40.000,45.000
-84.000,-91.000,-51.000,-55.000,-39.000,-53.000
82.000,94.000,65.000,61.000,41.000,56.000
-152.000,-81.000,-130.000,-167.000,-134.000,-169.000
119.000,86.000,116.000,132.000,94.000,271.000
-42.000,-38.000,-41.000,-33.000,-29.000,-26.000
34.000,38.000,31.000,34.000,33.000,27.000
-48.000,-57.000,-53.000,-54.000,-33.000,-36.000
41.000,65.000,33.000,50.000,35.000,31.000
-44.000,-51.000,-37.000,-44.000,-36.000,-28.000
46.000,56.000,34.000,42.000,35.000,27.000
-41.000,-68.000,-41.000,-62.000,-46.000,-39.000
33.000,63.000,33.000,57.000,36.000,31.000
-54.000,-58.000,-52.000,-56.000,-53.000,-46.000
51.000,65.000,43.000,57.000,37.000,37.000
-198.000,-68.000,-82.000,-85.000,-84.000,-145.000
120.000,68.000,120.000,97.000,83.000,201.000
-85.000,-67.000,-86.000,-80.000,-44.000,-45.000
78.000,71.000,103.000,111.000,51.000,29.000
-84.000,-58.000,-141.000,-95.000,-82.000,-724.000
84.000,69.000,140.000,91.000,116.000,744.000
-62.000,-59.000,-66.000,-58.000,-30.000,-32.000
61.000,61.000,43.000,48.000,32.000,38.000
-42.000,-42.000,-34.000,-37.000,-32.000,-30.000
40.000,47.000,32.000,47.000,29.000,42.000
-211.000,-124.000,-92.000,-119.000,-173.000,-463.000
95.000,96.000,109.000,101.000,219.000,1180.000
-48.000,-44.000,-45.000,-43.000,-30.000,-40.000
35.000,40.000,48.000,80.000,45.000,38.000
-21.000,-40.000,-25.000,-41.000,-47.000,-46.000
25.000,22.000,34.000,28.000,40.000,42.000
-20.000,-39.000,-24.000,-44.000,-32.000,-40.000
22.000,37.000,30.000,36.000,41.000,39.000
-38.000,-59.000,-28.000,-48.000,-27.000,-35.000
42.000,46.000,39.000,30.000,41.000,33.000
-55.000,-71.000,-40.000,-57.000,-37.000,-47.000
40.000,57.000,42.000,51.000,48.000,42.000
-67.000,-69.000,-48.000,-57.000,-34.000,-41.000
67.000,81.000,55.000,57.000,41.000,38.000
-82.000,-113.000,-53.000,-52.000,-35.000,-42.000
72.000,98.000,55.000,50.000,45.000,31.000
-54.000,-69.000,-46.000,-61.000,-41.000,-51.000
48.000,55.000,37.000,56.000,48.000,57.000
-58.000,-74.000,-70.000,-103.000,-49.000,-70.000
84.000,133.000,58.000,98.000,40.000,46.000
-40.000,-67.000,-50.000,-65.000,-40.000,-47.000
44.000,63.000,40.000,61.000,44.000,31.000
-48.000,-70.000,-48.000,-54.000,-35.000,-37.000
68.000,61.000,56.000,46.000,49.000,37.000
-55.000,-70.000,-51.000,-52.000,-38.000,-46.000
49.000,62.000,42.000,61.000,42.000,39.000
-51.000,-57.000,-45.000,-65.000,-42.000,-41.000
48.000,41.000,40.000,50.000,40.000,38.000
-51.000,-71.000,-41.000,-63.000,-36.000,-34.000
67.000,72.000,43.000,53.000,46.000,45.000
-44.000,-67.000,-34.000,-55.000,-32.000,-39.000
38.000,56.000,38.000,44.000,40.000,32.000
-80.000,-74.000,-126.000,-82.000,-46.000,-46.000
117.000,134.000,167.000,171.000,60.000,49.000
-84.000,-81.000,-124.000,-139.000,-101.000,-213.000
109.000,132.000,120.000,184.000,105.000,313.000
-84.000,-82.000,-110.000,-106.000,-164.000,-563.000
67.000,90.000,84.000,107.000,288.000,711.000
-36.000,-41.000,-55.000,-52.000,-40.000,-52.000
36.000,33.000,57.000,49.000,38.000,43.000
-45.000,-44.000,-66.000,-49.000,-35.000,-41.000
47.000,50.000,95.000,63.000,56.000,38.000
-57.000,-63.000,-70.000,-77.000,-46.000,-32.000
74.000,67.000,93.000,64.000,60.000,31.000
-37.000,-40.000,-56.000,-66.000,-34.000,-41.000
35.000,39.000,49.000,64.000,41.000,36.000
-52.000,-46.000,-66.000,-65.000,-35.000,-43.000
62.000,58.000,108.000,79.000,39.000,48.000
-23.000,-40.000,-23.000,-42.000,-31.000,-34.000
23.000,29.000,25.000,25.000,43.000,32.000
-24.000,-45.000,-25.000,-44.000,-24.000,-25.000
34.000,50.000,28.000,36.000,40.000,32.000
-43.000,-62.000,-33.000,-49.000,-27.000,-28.000
50.000,45.000,40.000,42.000,39.000,34.000
-78.000,-51.000,-91.000,-61.000,-37.000,-27.000
61.000,50.000,68.000,63.000,44.000,33.000
-31.000,-44.000,-28.000,-42.000,-37.000,-39.000
31.000,37.000,26.000,34.000,34.000,34.000
-59.000,-52.000,-43.000,-54.000,-37.000,-36.000
66.000,74.000,48.000,53.000,48.000,37.000
-61.000,-49.000,-62.000,-59.000,-35.000,-28.000
78.000,65.000,101.000,83.000,42.000,32.000
-62.000,-64.000,-45.000,-64.000,-38.000,-34.000
50.000,68.000,47.000,69.000,47.000,29.000
-53.000,-81.000,-43.000,-52.000,-34.000,-33.000
41.000,44.000,51.000,50.000,41.000,33.000
-67.000,-52.000,-45.000,-55.000,-48.000,-48.000
49.000,58.000,48.000,60.000,48.000,39.000
-42.000,-61.000,-40.000,-56.000,-38.000,-40.000
41.000,58.000,38.000,39.000,42.000,33.000
-44.000,-49.000,-59.000,-58.000,-37.000,-35.000
50.000,46.000,35.000,37.000,33.000,30.000
-50.000,-68.000,-50.000,-64.000,-50.000,-49.000
46.000,62.000,45.000,60.000,42.000,40.000
-70.000,-77.000,-56.000,-61.000,-50.000,-44.000
52.000,67.000,44.000,52.000,40.000,42.000
-82.000,-71.000,-92.000,-84.000,-48.000,-39.000
108.000,107.000,133.000,148.000,55.000,35.000
-70.000,-63.000,-58.000,-62.000,-43.000,-37.000
60.000,63.000,49.000,62.000,51.000,39.000
-49.000,-54.000,-45.000,-46.000,-61.000,-34.000
43.000,73.000,39.000,55.000,43.000,37.000
-61.000,-57.000,-71.000,-60.000,-32.000,-34.000
72.000,64.000,83.000,61.000,40.000,40.000
-59.000,-68.000,-70.000,-62.000,-49.000,-39.000
52.000,53.000,47.000,58.000,35.000,40.000
-51.000,-67.000,-40.000,-51.000,-35.000,-44.000
41.000,59.000,45.000,52.000,37.000,29.000
-108.000,-93.000,-87.000,-91.000,-57.000,-62.000
84.000,103.000,68.000,70.000,53.000,51.000
-65.000,-90.000,-49.000,-86.000,-62.000,-58.000
50.000,58.000,46.000,50.000,43.000,55.000
-43.000,-65.000,-55.000,-56.000,-48.000,-55.000
38.000,62.000,43.000,47.000,42.000,45.000
-47.000,-55.000,-41.000,-60.000,-35.000,-44.000
42.000,45.000,38.000,48.000,43.000,34.000
-48.000,-93.000,-46.000,-58.000,-44.000,-37.000
67.000,71.000,65.000,63.000,39.000,43.000
-124.000,-144.000,-98.000,-106.000,-131.000,-196.000
124.000,143.000,119.000,103.000,171.000,552.000
-58.000,-70.000,-64.000,-66.000,-50.000,-47.000
52.000,53.000,61.000,76.000,41.000,39.000
-141.000,-135.000,-147.000,-122.000,-52.000,-41.000
91.000,74.000,164.000,137.000,74.000,42.000
-82.000,-96.000,-63.000,-66.000,-72.000,-61.000
83.000,116.000,52.000,93.000,63.000,84.000
-62.000,-62.000,-51.000,-47.000,-46.000,-36.000
45.000,68.000,41.000,46.000,39.000,29.000
-58.000,-64.000,-54.000,-55.000,-56.000,-44.000
62.000,65.000,57.000,56.000,44.000,36.000
-76.000,-91.000,-56.000,-83.000,-54.000,-59.000
52.000,72.000,52.000,67.000,49.000,50.000
-55.000,-60.000,-52.000,-53.000,-58.000,-47.000
77.000,70.000,74.000,57.000,56.000,34.000
-76.000,-76.000,-44.000,-68.000,-49.000,-43.000
62.000,74.000,46.000,69.000,55.000,55.000
-70.000,-108.000,-57.000,-96.000,-48.000,-46.000
59.000,99.000,46.000,64.000,40.000,40.000
-68.000,-75.000,-51.000,-52.000,-35.000,-49.000
59.000,69.000,43.000,56.000,45.000,50.000
-63.000,-94.000,-60.000,-68.000,-50.000,-50.000
57.000,77.000,57.000,69.000,44.000,51.000
-48.000,-66.000,-56.000,-54.000,-55.000,-48.000
47.000,69.000,50.000,65.000,75.000,61.000
-60.000,-80.000,-70.000,-51.000,-59.000,-84.000
47.000,65.000,48.000,48.000,45.000,39.000
-63.000,-79.000,-68.000,-68.000,-69.000,-48.000
54.000,74.000,66.000,77.000,62.000,63.000
-94.000,-136.000,-69.000,-90.000,-72.000,-71.000
76.000,109.000,62.000,65.000,51.000,56.000
-60.000,-64.000,-42.000,-45.000,-43.000,-44.000
50.000,49.000,47.000,42.000,48.000,46.000
-52.000,-77.000,-56.000,-65.000,-51.000,-55.000
63.000,76.000,64.000,72.000,53.000,46.000
-69.000,-96.000,-59.000,-69.000,-56.000,-65.000
91.000,98.000,64.000,82.000,61.000,82.000
-57.000,-103.000,-55.000,-68.000,-54.000,-61.000
52.000,112.000,52.000,79.000,79.000,79.000
-67.000,-61.000,-67.000,-65.000,-58.000,-55.000
59.000,68.000,49.000,75.000,83.000,79.000
-81.000,-177.000,-74.000,-166.000,-98.000,-107.000
85.000,148.000,71.000,135.000,82.000,116.000
-71.000,-73.000,-56.000,-56.000,-44.000,-50.000
62.000,71.000,46.000,74.000,48.000,51.000
-55.000,-86.000,-77.000,-76.000,-74.000,-53.000
80.000,67.000,69.000,77.000,69.000,55.000
-119.000,-100.000,-99.000,-116.000,-90.000,-69.000
180.000,177.000,120.000,103.000,97.000,63.000
-55.000,-74.000,-45.000,-58.000,-41.000,-47.000
48.000,78.000,44.000,64.000,48.000,54.000
-108.000,-126.000,-94.000,-99.000,-83.000,-81.000
112.000,173.000,72.000,100.000,67.000,79.000
-200.000,-124.000,-132.000,-76.000,-62.000,-64.000
81.000,108.000,67.000,101.000,66.000,79.000
-90.000,-104.000,-63.000,-82.000,-79.000,-77.000
83.000,118.000,65.000,98.000,70.000,74.000
-135.000,-181.000,-89.000,-131.000,-67.000,-77.000
117.000,142.000,82.000,121.000,89.000,90.000
-90.000,-79.000,-75.000,-70.000,-57.000,-57.000
85.000,90.000,84.000,95.000,52.000,52.000
-125.000,-145.000,-123.000,-89.000,-123.000,-74.000
146.000,103.000,104.000,80.000,90.000,80.000
-117.000,-106.000,-149.000,-117.000,-69.000,-51.000
115.000,102.000,145.000,167.000,74.000,64.000
-51.000,-75.000,-42.000,-57.000,-44.000,-59.000
55.000,59.000,46.000,47.000,36.000,35.000
-65.000,-67.000,-42.000,-52.000,-49.000,-49.000
41.000,64.000,41.000,44.000,61.000,40.000
-51.000,-64.000,-57.000,-60.000,-51.000,-50.000
45.000,52.000,51.000,51.000,39.000,37.000
-61.000,-85.000,-41.000,-58.000,-40.000,-50.000
92.000,87.000,66.000,68.000,58.000,36.000
-46.000,-54.000,-43.000,-43.000,-47.000,-42.000
50.000,53.000,44.000,48.000,40.000,40.000
-49.000,-70.000,-31.000,-43.000,-33.000,-38.000
51.000,77.000,39.000,49.000,42.000,37.000
-33.000,-64.000,-35.000,-41.000,-41.000,-58.000
44.000,55.000,45.000,54.000,36.000,31.000
-96.000,-71.000,-106.000,-85.000,-60.000,-94.000
77.000,75.000,102.000,86.000,61.000,85.000
-67.000,-66.000,-84.000,-55.000,-32.000,-53.000
53.000,50.000,59.000,54.000,37.000,69.000
-103.000,-140.000,-70.000,-103.000,-47.000,-44.000
114.000,133.000,81.000,93.000,38.000,35.000
-92.000,-102.000,-61.000,-74.000,-39.000,-35.000
44.000,80.000,37.000,59.000,38.000,39.000
-68.000,-62.000,-75.000,-56.000,-34.000,-29.000
57.000,61.000,68.000,64.000,38.000,32.000
-339.000,-92.000,-94.000,-84.000,-92.000,-157.000
309.000,77.000,125.000,90.000,182.000,243.000
-52.000,-78.000,-34.000,-44.000,-40.000,-42.000
64.000,70.000,42.000,58.000,37.000,31.000
-59.000,-74.000,-45.000,-73.000,-34.000,-40.000
48.000,79.000,40.000,78.000,40.000,54.000
-61.000,-58.000,-48.000,-43.000,-27.000,-40.000
56.000,49.000,50.000,45.000,40.000,34.000
-61.000,-68.000,-54.000,-55.000,-47.000,-37.000
51.000,51.000,46.000,49.000,39.000,37.000
-61.000,-77.000,-59.000,-68.000,-47.000,-47.000
52.000,73.000,47.000,54.000,39.000,37.000
-25.000,-44.000,-22.000,-38.000,-25.000,-32.000
26.000,22.000,25.000,22.000,33.000,22.000
-30.000,-58.000,-23.000,-41.000,-24.000,-28.000
27.000,45.000,29.000,38.000,32.000,27.000
-29.000,-49.000,-20.000,-35.000,-24.000,-26.000
25.000,35.000,26.000,27.000,31.000,24.000
-42.000,-44.000,-31.000,-44.000,-36.000,-30.000
60.000,44.000,36.000,35.000,41.000,47.000
-34.000,-48.000,-24.000,-40.000,-26.000,-27.000
43.000,33.000,28.000,34.000,30.000,29.000
-27.000,-40.000,-22.000,-37.000,-39.000,-52.000
32.000,36.000,27.000,32.000,39.000,41.000
-29.000,-41.000,-23.000,-36.000,-33.000,-33.000
28.000,27.000,27.000,22.000,36.000,37.000
-30.000,-47.000,-24.000,-39.000,-25.000,-31.000
37.000,25.000,31.000,20.000,33.000,30.000
-30.000,-56.000,-30.000,-51.000,-33.000,-41.000
31.000,31.000,29.000,27.000,34.000,32.000
-33.000,-47.000,-37.000,-52.000,-35.000,-45.000
38.000,51.000,44.000,45.000,36.000,52.000
-27.000,-43.000,-24.000,-37.000,-25.000,-35.000
23.000,27.000,24.000,28.000,31.000,30.000
-28.000,-46.000,-21.000,-40.000,-26.000,-32.000
25.000,25.000,26.000,22.000,36.000,36.000
-46.000,-62.000,-50.000,-61.000,-35.000,-44.000
58.000,36.000,55.000,41.000,49.000,31.000
-26.000,-45.000,-23.000,-37.000,-26.000,-38.000
27.000,33.000,27.000,21.000,38.000,42.000
-31.000,-44.000,-24.000,-40.000,-23.000,-27.000
31.000,36.000,32.000,24.000,39.000,23.000
-61.000,-57.000,-54.000,-70.000,-36.000,-48.000
47.000,56.000,61.000,63.000,43.000,57.000
-39.000,-46.000,-32.000,-42.000,-35.000,-42.000
49.000,42.000,43.000,33.000,40.000,41.000
-39.000,-39.000,-31.000,-40.000,-24.000,-29.000
43.000,28.000,32.000,24.000,36.000,22.000
-39.000,-39.000,-56.000,-48.000,-34.000,-28.000
43.000,50.000,74.000,53.000,38.000,27.000
-29.000,-49.000,-24.000,-43.000,-33.000,-42.000
24.000,31.000,32.000,28.000,42.000,40.000
-33.000,-47.000,-26.000,-43.000,-22.000,-31.000
28.000,28.000,27.000,24.000,39.000,25.000
-65.000,-58.000,-54.000,-60.000,-36.000,-38.000
66.000,49.000,75.000,62.000,51.000,48.000
-25.000,-43.000,-22.000,-37.000,-25.000,-27.000
29.000,32.000,28.000,32.000,32.000,22.000
-27.000,-40.000,-22.000,-39.000,-27.000,-28.000
28.000,28.000,27.000,22.000,30.000,28.000
-30.000,-47.000,-23.000,-43.000,-24.000,-26.000
34.000,32.000,25.000,26.000,30.000,22.000
-38.000,-45.000,-24.000,-42.000,-27.000,-45.000
41.000,44.000,31.000,44.000,34.000,36.000
-25.000,-40.000,-24.000,-39.000,-22.000,-27.000
28.000,27.000,27.000,22.000,35.000,26.000
-23.000,-41.000,-23.000,-39.000,-24.000,-26.000
31.000,33.000,29.000,31.000,30.000,23.000
-28.000,-42.000,-23.000,-35.000,-26.000,-33.000
26.000,74.000,28.000,74.000,35.000,62.000
-24.000,-37.000,-20.000,-35.000,-21.000,-26.000
31.000,26.000,22.000,23.000,34.000,27.000
-22.000,-42.000,-21.000,-36.000,-19.000,-27.000
33.000,29.000,27.000,25.000,32.000,25.000
-27.000,-48.000,-24.000,-42.000,-23.000,-25.000
27.000,32.000,26.000,29.000,31.000,33.000
-27.000,-44.000,-20.000,-39.000,-23.000,-29.000
32.000,46.000,31.000,28.000,30.000,25.000
-30.000,-38.000,-21.000,-36.000,-36.000,-42.000
30.000,37.000,27.000,28.000,40.000,51.000
-22.000,-47.000,-24.000,-43.000,-25.000,-28.000
26.000,26.000,30.000,26.000,36.000,26.000
-50.000,-44.000,-51.000,-48.000,-31.000,-45.000
55.000,41.000,67.000,55.000,33.000,50.000
-105.000,-138.000,-118.000,-147.000,-227.000,-504.000
106.000,150.000,112.000,111.000,249.000,669.000
-24.000,-34.000,-35.000,-32.000,-25.000,-27.000
25.000,28.000,33.000,26.000,31.000,32.000
-25.000,-39.000,-36.000,-37.000,-25.000,-25.000
28.000,32.000,37.000,35.000,33.000,22.000
-45.000,-49.000,-50.000,-46.000,-29.000,-37.000
36.000,35.000,38.000,38.000,34.000,35.000
-51.000,-50.000,-42.000,-43.000,-34.000,-29.000
37.000,57.000,34.000,44.000,28.000,32.000
-45.000,-61.000,-45.000,-43.000,-39.000,-27.000
39.000,50.000,42.000,42.000,34.000,40.000
-31.000,-40.000,-46.000,-34.000,-35.000,-25.000
40.000,54.000,55.000,47.000,40.000,30.000
-412.000,-76.000,-83.000,-85.000,-100.000,-711.000
367.000,83.000,94.000,88.000,133.000,850.000
-38.000,-62.000,-66.000,-77.000,-54.000,-50.000
39.000,57.000,39.000,44.000,43.000,32.000
-39.000,-84.000,-38.000,-73.000,-35.000,-43.000
47.000,61.000,46.000,60.000,50.000,40.000
-51.000,-71.000,-35.000,-50.000,-31.000,-34.000
40.000,42.000,38.000,47.000,42.000,31.000
-106.000,-62.000,-100.000,-74.000,-58.000,-63.000
73.000,51.000,107.000,56.000,49.000,89.000
-39.000,-59.000,-31.000,-42.000,-36.000,-33.000
44.000,56.000,44.000,52.000,44.000,33.000
-51.000,-52.000,-55.000,-51.000,-54.000,-42.000
54.000,52.000,50.000,40.000,45.000,47.000
-48.000,-71.000,-47.000,-54.000,-43.000,-38.000
40.000,68.000,51.000,48.000,45.000,35.000
-41.000,-52.000,-34.000,-44.000,-33.000,-37.000
43.000,46.000,39.000,33.000,41.000,32.000
-46.000,-65.000,-37.000,-53.000,-32.000,-33.000
36.000,68.000,35.000,50.000,39.000,34.000
-45.000,-69.000,-34.000,-64.000,-31.000,-43.000
38.000,45.000,38.000,42.000,46.000,30.000
-43.000,-54.000,-33.000,-45.000,-40.000,-43.000
51.000,46.000,55.000,36.000,59.000,44.000
-48.000,-53.000,-30.000,-50.000,-38.000,-41.000
40.000,53.000,46.000,42.000,40.000,35.000
-43.000,-67.000,-35.000,-50.000,-33.000,-39.000
44.000,55.000,49.000,46.000,41.000,33.000
-52.000,-64.000,-45.000,-46.000,-50.000,-49.000
60.000,71.000,50.000,61.000,57.000,66.000
-38.000,-69.000,-42.000,-53.000,-38.000,-43.000
64.000,80.000,37.000,46.000,36.000,27.000
-47.000,-75.000,-43.000,-56.000,-35.000,-43.000
39.000,45.000,41.000,46.000,44.000,35.000
-39.000,-57.000,-38.000,-56.000,-37.000,-40.000
37.000,53.000,35.000,42.000,45.000,32.000
-51.000,-56.000,-43.000,-56.000,-47.000,-54.000
40.000,59.000,44.000,63.000,46.000,41.000
-49.000,-72.000,-41.000,-65.000,-37.000,-44.000
63.000,67.000,43.000,42.000,39.000,37.000
-59.000,-61.000,-46.000,-58.000,-49.000,-47.000
62.000,65.000,56.000,56.000,49.000,43.000
-35.000,-62.000,-31.000,-55.000,-33.000,-42.000
37.000,42.000,39.000,39.000,41.000,30.000
-55.000,-72.000,-47.000,-55.000,-37.000,-43.000
60.000,60.000,45.000,59.000,50.000,46.000
-91.000,-114.000,-130.000,-118.000,-53.000,-44.000
90.000,99.000,128.000,107.000,54.000,39.000
-59.000,-62.000,-41.000,-53.000,-60.000,-43.000
53.000,47.000,54.000,37.000,46.000,37.000
-45.000,-56.000,-43.000,-55.000,-29.000,-35.000
51.000,47.000,41.000,46.000,47.000,32.000
-49.000,-56.000,-37.000,-49.000,-45.000,-42.000
50.000,49.000,43.000,45.000,57.000,45.000
-54.000,-70.000,-41.000,-56.000,-38.000,-39.000
49.000,51.000,53.000,51.000,47.000,42.000
-89.000,-85.000,-76.000,-69.000,-45.000,-34.000
84.000,95.000,72.000,73.000,58.000,56.000
-45.000,-58.000,-42.000,-58.000,-43.000,-42.000
48.000,54.000,53.000,56.000,71.000,45.000
-64.000,-63.000,-42.000,-56.000,-39.000,-40.000
45.000,55.000,42.000,43.000,48.000,46.000
-85.000,-103.000,-57.000,-73.000,-35.000,-41.000
117.000,114.000,72.000,70.000,58.000,54.000
-85.000,-86.000,-63.000,-84.000,-51.000,-48.000
85.000,82.000,97.000,85.000,49.000,54.000
-49.000,-74.000,-34.000,-49.000,-30.000,-35.000
51.000,58.000,36.000,40.000,43.000,35.000
-46.000,-63.000,-48.000,-52.000,-42.000,-46.000
43.000,51.000,40.000,46.000,45.000,41.000
-72.000,-64.000,-64.000,-80.000,-42.000,-55.000
39.000,54.000,45.000,46.000,43.000,54.000
-47.000,-57.000,-44.000,-53.000,-40.000,-36.000
57.000,52.000,48.000,47.000,45.000,44.000
-70.000,-75.000,-60.000,-71.000,-57.000,-82.000
48.000,48.000,38.000,63.000,70.000,81.000
-45.000,-56.000,-54.000,-55.000,-33.000,-45.000
50.000,51.000,44.000,46.000,42.000,35.000
-78.000,-64.000,-48.000,-58.000,-59.000,-59.000
82.000,64.000,84.000,49.000,49.000,58.000
-74.000,-109.000,-47.000,-81.000,-37.000,-44.000
55.000,74.000,58.000,86.000,50.000,65.000
-80.000,-129.000,-58.000,-64.000,-38.000,-65.000
92.000,145.000,61.000,92.000,55.000,51.000
-84.000,-107.000,-62.000,-65.000,-43.000,-39.000
69.000,99.000,49.000,59.000,49.000,37.000
-69.000,-54.000,-37.000,-47.000,-52.000,-50.000
78.000,58.000,58.000,43.000,51.000,45.000
-49.000,-58.000,-48.000,-64.000,-44.000,-45.000
50.000,52.000,46.000,42.000,51.000,42.000
-70.000,-69.000,-51.000,-73.000,-46.000,-52.000
58.000,89.000,56.000,63.000,50.000,37.000
-59.000,-72.000,-52.000,-55.000,-51.000,-47.000
58.000,56.000,47.000,59.000,59.000,87.000
-86.000,-137.000,-60.000,-78.000,-51.000,-46.000
90.000,74.000,88.000,54.000,49.000,43.000
-450.000,-120.000,-127.000,-121.000,-172.000,-260.000
409.000,136.000,150.000,139.000,243.000,289.000
-71.000,-91.000,-55.000,-59.000,-42.000,-41.000
93.000,63.000,63.000,79.000,41.000,37.000
-59.000,-52.000,-39.000,-50.000,-36.000,-40.000
34.000,49.000,37.000,44.000,47.000,47.000
-58.000,-62.000,-50.000,-56.000,-38.000,-48.000
57.000,77.000,45.000,50.000,48.000,35.000
-123.000,-122.000,-77.000,-69.000,-39.000,-41.000
122.000,85.000,100.000,70.000,47.000,41.000
-47.000,-64.000,-43.000,-71.000,-42.000,-43.000
52.000,55.000,49.000,43.000,39.000,47.000
-44.000,-57.000,-37.000,-49.000,-52.000,-57.000
39.000,44.000,41.000,42.000,47.000,50.000
-70.000,-85.000,-49.000,-67.000,-45.000,-60.000
90.000,113.000,54.000,76.000,47.000,45.000
-134.000,-143.000,-118.000,-106.000,-63.000,-56.000
109.000,108.000,105.000,95.000,63.000,86.000
-39.000,-55.000,-35.000,-68.000,-39.000,-68.000
44.000,48.000,49.000,51.000,49.000,45.000
-63.000,-76.000,-48.000,-69.000,-35.000,-60.000
56.000,61.000,54.000,54.000,44.000,36.000
-42.000,-62.000,-47.000,-56.000,-53.000,-51.000
42.000,49.000,44.000,40.000,46.000,36.000
-135.000,-208.000,-81.000,-116.000,-50.000,-62.000
69.000,136.000,59.000,99.000,55.000,59.000
-100.000,-100.000,-141.000,-138.000,-120.000,-86.000
96.000,106.000,106.000,114.000,83.000,169.000
-72.000,-84.000,-74.000,-102.000,-45.000,-52.000
104.000,71.000,125.000,100.000,71.000,39.000
-64.000,-58.000,-71.000,-61.000,-51.000,-65.000
54.000,54.000,95.000,83.000,59.000,53.000
-56.000,-71.000,-68.000,-69.000,-89.000,-147.000
63.000,64.000,79.000,68.000,102.000,261.000
-43.000,-65.000,-59.000,-57.000,-43.000,-47.000
42.000,56.000,60.000,61.000,47.000,46.000
-56.000,-52.000,-59.000,-51.000,-45.000,-56.000
65.000,60.000,54.000,77.000,48.000,51.000
-49.000,-78.000,-58.000,-57.000,-47.000,-52.000
59.000,61.000,86.000,73.000,51.000,52.000
-66.000,-62.000,-71.000,-63.000,-52.000,-61.000
60.000,61.000,80.000,54.000,49.000,63.000
-40.000,-60.000,-50.000,-46.000,-59.000,-61.000
50.000,36.000,53.000,45.000,52.000,54.000
-50.000,-51.000,-80.000,-90.000,-51.000,-62.000
94.000,81.000,93.000,78.000,88.000,52.000
-53.000,-53.000,-55.000,-51.000,-49.000,-63.000
53.000,70.000,75.000,57.000,53.000,52.000
-40.000,-61.000,-35.000,-43.000,-62.000,-69.000
46.000,44.000,30.000,35.000,105.000,86.000
-55.000,-49.000,-70.000,-63.000,-86.000,-72.000
62.000,48.000,54.000,70.000,82.000,91.000
-34.000,-40.000,-34.000,-41.000,-53.000,-56.000
37.000,35.000,56.000,44.000,52.000,50.000
-85.000,-47.000,-93.000,-63.000,-55.000,-54.000
44.000,36.000,49.000,38.000,62.000,48.000
-40.000,-39.000,-47.000,-42.000,-47.000,-58.000
46.000,37.000,59.000,52.000,49.000,48.000
-44.000,-41.000,-54.000,-39.000,-44.000,-59.000
42.000,42.000,50.000,43.000,49.000,51.000
-28.000,-42.000,-36.000,-39.000,-44.000,-57.000
32.000,31.000,33.000,43.000,56.000,52.000
-116.000,-114.000,-110.000,-93.000,-102.000,-320.000
147.000,134.000,151.000,90.000,134.000,343.000
-90.000,-120.000,-100.000,-78.000,-460.000,-1197.000
87.000,112.000,70.000,76.000,545.000,1382.000
-78.000,-77.000,-101.000,-109.000,-127.000,-1238.000
82.000,65.000,111.000,86.000,171.000,920.000
-37.000,-44.000,-57.000,-41.000,-48.000,-51.000
54.000,71.000,52.000,51.000,63.000,49.000
-23.000,-46.000,-25.000,-42.000,-39.000,-46.000
26.000,30.000,24.000,29.000,42.000,36.000
-35.000,-38.000,-50.000,-37.000,-48.000,-46.000
58.000,60.000,67.000,38.000,46.000,61.000
-35.000,-41.000,-27.000,-39.000,-54.000,-44.000
33.000,29.000,24.000,27.000,47.000,49.000
-35.000,-42.000,-50.000,-48.000,-44.000,-41.000
34.000,37.000,64.000,42.000,42.000,45.000
-52.000,-60.000,-72.000,-57.000,-45.000,-51.000
67.000,35.000,74.000,60.000,43.000,41.000
-22.000,-41.000,-27.000,-41.000,-43.000,-45.000
22.000,28.000,22.000,32.000,42.000,39.000
-25.000,-39.000,-21.000,-40.000,-44.000,-45.000
28.000,29.000,23.000,26.000,47.000,43.000
-42.000,-48.000,-69.000,-58.000,-54.000,-51.000
55.000,45.000,74.000,56.000,45.000,41.000
-39.000,-37.000,-34.000,-32.000,-42.000,-46.000
31.000,24.000,24.000,25.000,38.000,38.000
-52.000,-47.000,-74.000,-51.000,-45.000,-43.000
48.000,41.000,63.000,43.000,42.000,42.000
-2082.000,-37.000,-2082.000,-33.000,-2077.000,-49.000
1832.000,24.000,1826.000,25.000,1804.000,149.000
-1782.000,-39.000,-1784.000,-42.000,-1783.000,-47.000
1800.000,45.000,1794.000,39.000,1791.000,41.000
-1940.000,-31.000,-1939.000,-33.000,-1926.000,-47.000
1706.000,27.000,1707.000,27.000,1727.000,39.000
-3626.000,-84.000,-3628.000,-79.000,-3632.000,-1605.000
3602.000,87.000,3601.000,82.000,3607.000,2838.000
-3483.000,-4051.000,-3490.000,-4050.000,-3500.000,-4352.000
3098.000,1834.000,3080.000,1839.000,3069.000,4128.000
-38.000,-47.000,-50.000,-39.000,-57.000,-61.000
45.000,49.000,66.000,49.000,54.000,49.000
-28.000,-39.000,-35.000,-38.000,-54.000,-60.000
28.000,36.000,30.000,36.000,59.000,53.000
-32.000,-39.000,-29.000,-38.000,-60.000,-56.000
25.000,29.000,32.000,30.000,56.000,47.000
-51.000,-47.000,-62.000,-43.000,-51.000,-51.000
42.000,50.000,54.000,46.000,57.000,43.000
-24.000,-48.000,-35.000,-39.000,-54.000,-53.000
26.000,30.000,31.000,28.000,51.000,51.000
-62.000,-51.000,-79.000,-63.000,-55.000,-56.000
65.000,74.000,86.000,96.000,58.000,49.000
-31.000,-37.000,-28.000,-37.000,-56.000,-53.000
29.000,30.000,33.000,29.000,45.000,49.000
-58.000,-48.000,-55.000,-42.000,-62.000,-55.000
32.000,28.000,27.000,28.000,53.000,44.000
-53.000,-41.000,-41.000,-41.000,-58.000,-64.000
49.000,50.000,38.000,35.000,60.000,49.000
-290.000,-72.000,-173.000,-80.000,-159.000,-242.000
152.000,71.000,183.000,84.000,188.000,368.000
-32.000,-45.000,-26.000,-43.000,-56.000,-68.000
29.000,34.000,31.000,26.000,48.000,52.000
-70.000,-64.000,-87.000,-66.000,-58.000,-60.000
78.000,60.000,104.000,66.000,47.000,59.000
-30.000,-40.000,-29.000,-38.000,-45.000,-52.000
41.000,38.000,43.000,35.000,51.000,50.000
-23.000,-38.000,-28.000,-36.000,-66.000,-66.000
26.000,29.000,28.000,28.000,45.000,44.000
-58.000,-40.000,-78.000,-42.000,-52.000,-60.000
45.000,46.000,64.000,46.000,42.000,44.000
-25.000,-40.000,-27.000,-38.000,-48.000,-64.000
27.000,29.000,32.000,27.000,49.000,46.000
-59.000,-37.000,-59.000,-46.000,-53.000,-61.000
57.000,68.000,73.000,57.000,50.000,53.000
-39.000,-44.000,-41.000,-49.000,-53.000,-71.000
67.000,52.000,54.000,41.000,56.000,51.000
-23.000,-39.000,-27.000,-40.000,-47.000,-60.000
25.000,40.000,26.000,49.000,44.000,52.000
-24.000,-36.000,-27.000,-39.000,-40.000,-54.000
29.000,25.000,36.000,31.000,46.000,48.000
-19.000,-41.000,-20.000,-34.000,-33.000,-33.000
25.000,30.000,27.000,28.000,33.000,33.000
-37.000,-50.000,-51.000,-48.000,-45.000,-64.000
72.000,62.000,75.000,83.000,48.000,56.000
-21.000,-41.000,-24.000,-39.000,-44.000,-55.000
27.000,25.000,31.000,23.000,42.000,46.000
-57.000,-64.000,-61.000,-83.000,-61.000,-66.000
62.000,57.000,106.000,100.000,52.000,51.000
-46.000,-64.000,-53.000,-65.000,-58.000,-55.000
66.000,79.000,123.000,114.000,56.000,48.000
-32.000,-41.000,-31.000,-43.000,-45.000,-57.000
27.000,27.000,30.000,27.000,50.000,52.000
-94.000,-61.000,-72.000,-60.000,-60.000,-56.000
62.000,63.000,42.000,59.000,61.000,46.000
-47.000,-56.000,-52.000,-75.000,-48.000,-60.000
59.000,80.000,64.000,54.000,47.000,50.000
-86.000,-72.000,-68.000,-51.000,-251.000,-1091.000
84.000,83.000,128.000,65.000,407.000,832.000
-77.000,-80.000,-55.000,-55.000,-111.000,-82.000
65.000,66.000,43.000,65.000,81.000,59.000
-3623.000,-341.000,-1125.000,-330.000,-1169.000,-999.000
1331.000,413.000,345.000,301.000,417.000,447.000
-61.000,-68.000,-53.000,-53.000,-302.000,-80.000
69.000,76.000,47.000,32.000,307.000,98.000
-92.000,-81.000,-119.000,-88.000,-49.000,-55.000
107.000,102.000,169.000,132.000,58.000,51.000
-71.000,-79.000,-55.000,-61.000,-44.000,-49.000
78.000,82.000,55.000,49.000,41.000,48.000
